<?xml version="1.0" encoding="UTF-8"?>
<project-private xmlns="http://www.netbeans.org/ns/project-private/1">
    <editor-bookmarks xmlns="http://www.netbeans.org/ns/editor-bookmarks/2" lastBookmarkId="0"/>
    <open-files xmlns="http://www.netbeans.org/ns/projectui-open-files/2">
        <group>
            <file>file:/C:/Users/James/Documents/NetBeansProjects/HealthTrackerv2/web/addExercise.jsp</file>
            <file>file:/C:/Users/James/Documents/NetBeansProjects/HealthTrackerv2/web/uploadMessage.jsp</file>
            <file>file:/C:/Users/James/Documents/NetBeansProjects/HealthTrackerv2/src/java/HealthTrackerv2/UploadServlet.java</file>
            <file>file:/C:/Users/James/Documents/NetBeansProjects/HealthTrackerv2/web/addMeals.jsp</file>
            <file>file:/C:/Users/James/Documents/NetBeansProjects/HealthTrackerv2/src/java/HealthTrackerv2/BackgroundImage.java</file>
            <file>file:/C:/Users/James/Documents/NetBeansProjects/HealthTrackerv2/web/goals.jsp</file>
            <file>file:/C:/Users/James/Documents/NetBeansProjects/HealthTrackerv2/web/newUser.jsp</file>
            <file>file:/C:/Users/James/Documents/NetBeansProjects/HealthTrackerv2/web/META-INF/context.xml</file>
            <file>file:/C:/Users/James/Documents/NetBeansProjects/HealthTrackerv2/web/diet.jsp</file>
            <file>file:/C:/Users/James/Documents/NetBeansProjects/HealthTrackerv2/src/java/HealthTrackerv2/logout.java</file>
            <file>file:/C:/Users/James/Documents/NetBeansProjects/HealthTrackerv2/web/META-INF/testTracker%23data.xml</file>
            <file>file:/C:/Users/James/Documents/NetBeansProjects/HealthTrackerv2/web/loginAction.jsp</file>
            <file>file:/C:/Users/James/Documents/NetBeansProjects/HealthTrackerv2/web/login.jsp</file>
            <file>file:/C:/Users/James/Documents/NetBeansProjects/HealthTrackerv2/web/exercises.jsp</file>
            <file>file:/C:/Users/James/Documents/NetBeansProjects/HealthTrackerv2/web/editProfile.jsp</file>
            <file>file:/C:/Users/James/Documents/NetBeansProjects/HealthTrackerv2/web/deleteData.jsp</file>
            <file>file:/C:/Users/James/Documents/NetBeansProjects/HealthTrackerv2/web/profile.jsp</file>
            <file>file:/C:/Users/James/Documents/NetBeansProjects/HealthTrackerv2/web/WEB-INF/web.xml</file>
        </group>
    </open-files>
</project-private>
